Ид|Артикул|Услуга|Набор|СтавкаНДС|ИдРодителя|Наименование|Количество|МераИзмерения|Цена|Валюта|Остаток|Картинка|ДатаОбновления|
45d351c2-562d-11e1-9e14-1c6f6571f455||0|0|0|417032c3-b281-11e0-80e3-001e3d8af2c0|Элементы питания батарейка DURACELL Turbo AA/LR6 алкалин. бл./4|0|шт|0||1|0|22.10.2012 17:12:29|
45d351c3-562d-11e1-9e14-1c6f6571f455||0|0|0|417032c3-b281-11e0-80e3-001e3d8af2c0|Маркер перманент синий 1-3мм Германия|0|шт|0||5|0|22.10.2012 17:12:29|
45d351c4-562d-11e1-9e14-1c6f6571f455||0|0|0|417032c3-b281-11e0-80e3-001e3d8af2c0|Клейкая лента 48х132|0|шт|0||5|0|22.10.2012 17:12:29|
45d351c5-562d-11e1-9e14-1c6f6571f455||0|0|0|417032c3-b281-11e0-80e3-001e3d8af2c0|Папка с арочным мех. Комус синяя|0|шт|0||3|0|22.10.2012 17:12:29|
45d351c6-562d-11e1-9e14-1c6f6571f455||0|0|0|417032c3-b281-11e0-80e3-001e3d8af2c0|Вешалка VP_плечики пластмас|0|шт|0||2|0|22.10.2012 17:12:29|
45d351c7-562d-11e1-9e14-1c6f6571f455||0|0|0|417032c3-b281-11e0-80e3-001e3d8af2c0|Ролики для факсов 216мм.|0|шт|0||10|0|22.10.2012 17:12:29|
45d351c8-562d-11e1-9e14-1c6f6571f455||0|0|0|417032c3-b281-11e0-80e3-001e3d8af2c0|Маркер перманент желтый 1-4,5мм Германия|0|шт|0||2|0|22.10.2012 17:12:29|
45d351c9-562d-11e1-9e14-1c6f6571f455||0|0|0|417032c3-b281-11e0-80e3-001e3d8af2c0|Маркер перманент оранжевый 1-4,5мм Германия|0|шт|0||2|0|22.10.2012 17:12:29|
45d351ca-562d-11e1-9e14-1c6f6571f455||0|0|0|417032c3-b281-11e0-80e3-001e3d8af2c0|Степлер RG PS-11 до 10 листов, серо-рыжий|0|шт|0||1|0|22.10.2012 17:12:29|
45d351cb-562d-11e1-9e14-1c6f6571f455||0|0|0|417032c3-b281-11e0-80e3-001e3d8af2c0|Диспенсер для клейкой ленты|0|шт|0||1|0|22.10.2012 17:12:29|
24f365f7-7df4-11e0-86d3-001e3d8af2c0||0|0|0|417032c3-b281-11e0-80e3-001e3d8af2c0|Корзина офисная 10л решетчатая Attache серая|0|шт|0||4|0|22.10.2012 17:12:29|
24f365f9-7df4-11e0-86d3-001e3d8af2c0||0|0|0|417032c3-b281-11e0-80e3-001e3d8af2c0|Пакеты для мусора Комус НД 30л 48х58 10 мкм 30шт./рулон|0|рул|0||1|0|22.10.2012 17:12:29|
6db281ec-b350-11e0-be8b-001a80b96ce5||0|0|0|417032c3-b281-11e0-80e3-001e3d8af2c0|Лоток для бумаг ATTACHE синий 5шт/упак|0|упак|0||1|0|22.10.2012 17:12:29|
6db281ee-b350-11e0-be8b-001a80b96ce5||0|0|0|417032c3-b281-11e0-80e3-001e3d8af2c0|Блок-кубик в стакане 9х9х5 ATTACHE|0|шт|0||1|0|22.10.2012 17:12:29|
6db281f0-b350-11e0-be8b-001a80b96ce5||0|0|0|417032c3-b281-11e0-80e3-001e3d8af2c0|Планшет BANTEX синий|0|шт|0||1|0|22.10.2012 17:12:29|
6db281f2-b350-11e0-be8b-001a80b96ce5||0|0|0|417032c3-b281-11e0-80e3-001e3d8af2c0|Салфетки в тубе д/чист. экрана MEGAoffice 100шт|0|упак|0||1|0|22.10.2012 17:12:29|
6db281f4-b350-11e0-be8b-001a80b96ce5||0|0|0|417032c3-b281-11e0-80e3-001e3d8af2c0|Баллон со сжатым воздухом Durable 400мл|0|шт|0||1|0|22.10.2012 17:12:29|
6db281f6-b350-11e0-be8b-001a80b96ce5||0|0|0|417032c3-b281-11e0-80e3-001e3d8af2c0|Блок-кубик запасной 9х9х5 ATTACHE|0|шт|0||2|0|22.10.2012 17:12:29|
6db281f8-b350-11e0-be8b-001a80b96ce5||0|0|0|417032c3-b281-11e0-80e3-001e3d8af2c0|Нож канцелярский зап. лезвия 18мм 10шт/упак|0|упак|0||1|0|22.10.2012 17:12:29|
6db281fa-b350-11e0-be8b-001a80b96ce5||0|0|0|417032c3-b281-11e0-80e3-001e3d8af2c0|Нож канцелярский 18мм NIVO мет. направл.|0|шт|0||2|0|22.10.2012 17:12:29|
6db281fc-b350-11e0-be8b-001a80b96ce5||0|0|0|417032c3-b281-11e0-80e3-001e3d8af2c0|Краска штемпельная синяя 28мл |0|шт|0||1|0|22.10.2012 17:12:29|
6db281fe-b350-11e0-be8b-001a80b96ce5||0|0|0|417032c3-b281-11e0-80e3-001e3d8af2c0|Ножницы 195мм Attache|0|шт|0||2|0|22.10.2012 17:12:29|
6db28200-b350-11e0-be8b-001a80b96ce5||0|0|0|417032c3-b281-11e0-80e3-001e3d8af2c0|Точилка механическая KW-trio 305A|0|шт|0||2|0|22.10.2012 17:12:29|
6db28202-b350-11e0-be8b-001a80b96ce5||0|0|0|417032c3-b281-11e0-80e3-001e3d8af2c0|Ручка ариковая SCHNEIDER Tops 505 F синий|0|шт|0||10|0|22.10.2012 17:12:29|
6db28204-b350-11e0-be8b-001a80b96ce5||0|0|0|417032c3-b281-11e0-80e3-001e3d8af2c0|Папка на молнии с ручками офисная А4 нейлон|0|шт|0||2|0|22.10.2012 17:12:29|
c65235e4-e801-11e0-b670-001e3d8af2c0||0|0|0|417032c3-b281-11e0-80e3-001e3d8af2c0|Конверт белый Е65 стрип 110х220 100шт/уп|0|упак|0||1|0|22.10.2012 17:12:29|
c65235e6-e801-11e0-b670-001e3d8af2c0||0|0|0|417032c3-b281-11e0-80e3-001e3d8af2c0|Папка скоросшиватель А4 исиняя|0|шт|0||20|0|22.10.2012 17:12:29|
c65235e8-e801-11e0-b670-001e3d8af2c0||0|0|0|417032c3-b281-11e0-80e3-001e3d8af2c0|Подставка двухсторонняя 100х52мм|0|шт|0||2|0|22.10.2012 17:12:29|
c65235ea-e801-11e0-b670-001e3d8af2c0||0|0|0|417032c3-b281-11e0-80e3-001e3d8af2c0|Подставка для визиток на стол 95х20мм|0|шт|0||2|0|22.10.2012 17:12:29|
c65235ed-e801-11e0-b670-001e3d8af2c0||0|0|0|417032c3-b281-11e0-80e3-001e3d8af2c0|Бумага А4 Комус документ premium|0|пач|0||10|0|22.10.2012 17:12:29|
c65235ef-e801-11e0-b670-001e3d8af2c0||0|0|0|417032c3-b281-11e0-80e3-001e3d8af2c0|Визитница на 20 визиток металл|0|шт|0||2|0|22.10.2012 17:12:29|
24f365fb-7df4-11e0-86d3-001e3d8af2c0||0|0|0|24f365f4-7df4-11e0-86d3-001e3d8af2c0|Стул Rio (ИЗО) синяя ткань С-6, каркас черный|0|шт|0||2|0|22.10.2012 17:12:29|
24f36603-7df4-11e0-86d3-001e3d8af2c0||0|0|0|24f365f4-7df4-11e0-86d3-001e3d8af2c0|Кресло Т898 ткань черная|0|шт|0||2|0|22.10.2012 17:12:29|
24f36607-7df4-11e0-86d3-001e3d8af2c0||0|0|0|24f365f4-7df4-11e0-86d3-001e3d8af2c0|Тумба приставная бук невский с ящиками|0|шт|0||2|0|22.10.2012 17:12:29|
24f36609-7df4-11e0-86d3-001e3d8af2c0||0|0|0|24f365f4-7df4-11e0-86d3-001e3d8af2c0|Шкаф для одежды бук невский|0|шт|0||1|0|22.10.2012 17:12:29|
24f3660b-7df4-11e0-86d3-001e3d8af2c0||0|0|0|24f365f4-7df4-11e0-86d3-001e3d8af2c0|Стол письменный бук невский|0|шт|0||2|0|22.10.2012 17:12:29|
24f3661c-7df4-11e0-86d3-001e3d8af2c0||0|0|0|24f365f4-7df4-11e0-86d3-001e3d8af2c0|Стойка ЕКО двухсторонняя Н-2250|0|шт|0||11|0|22.10.2012 17:12:29|
24f3661e-7df4-11e0-86d3-001e3d8af2c0||0|0|0|24f365f4-7df4-11e0-86d3-001e3d8af2c0|База пристенного перфорированного стеллажа ЕСО L=1000 H=2250|0|шт|0||9|0|22.10.2012 17:12:29|
24f36622-7df4-11e0-86d3-001e3d8af2c0||0|0|0|24f365f4-7df4-11e0-86d3-001e3d8af2c0|Стойка 200 Strong|0|шт|0||10|0|22.10.2012 17:12:29|
24f36624-7df4-11e0-86d3-001e3d8af2c0||0|0|0|24f365f4-7df4-11e0-86d3-001e3d8af2c0|Полка 100х60|0|шт|0||20|0|22.10.2012 17:12:29|
24f36626-7df4-11e0-86d3-001e3d8af2c0||0|0|0|24f365f4-7df4-11e0-86d3-001e3d8af2c0|Крепеж для стеллажа|0|шт|0||10|0|22.10.2012 17:12:29|
cc417ae0-885b-11e0-99a4-1c6f6571f455||0|0|0|24f365f4-7df4-11e0-86d3-001e3d8af2c0|Полка ЕСО 1000х370 с кронштейнами|0|шт|0||16|0|22.10.2012 17:12:29|
6db28208-b350-11e0-be8b-001a80b96ce5||0|0|0|24f365f4-7df4-11e0-86d3-001e3d8af2c0|Шкаф для книг бук невский|0|шт|0||1|0|22.10.2012 17:12:29|
6db2820a-b350-11e0-be8b-001a80b96ce5||0|0|0|24f365f4-7df4-11e0-86d3-001e3d8af2c0|Тумба приставная бук невский с дверками|0|шт|0||1|0|22.10.2012 17:12:29|
40bd3c17-1bec-11e1-b2bc-001a80b96ce5||0|0|0|24f365f4-7df4-11e0-86d3-001e3d8af2c0|Жалюзи вертикальные|0|шт|0||2|0|22.10.2012 17:12:29|
c5ca52f0-a487-11e1-9132-001a80b96ce5||0|0|0|24f3660f-7df4-11e0-86d3-001e3d8af2c0|Сканер Epson Perfection V33|0|шт|0||1|0|22.10.2012 17:12:29|
6e664133-3e34-11df-a1f8-001e3d8af2c0||0|0|0|24f3660f-7df4-11e0-86d3-001e3d8af2c0|PDA Apple iPhone 3GS 32Gb Bl|0|шт|0||1|0|22.10.2012 17:12:29|
be0e77d4-753b-11e0-8bd2-001a80b96ce5||0|0|0|24f3660f-7df4-11e0-86d3-001e3d8af2c0|Монитор LG E2050S-PN|0|шт|0||1|0|22.10.2012 17:12:29|
be0e77d6-753b-11e0-8bd2-001a80b96ce5||0|0|0|24f3660f-7df4-11e0-86d3-001e3d8af2c0|FAX Panasonic KX-FT502RU-B|0|шт|0||1|0|22.10.2012 17:12:29|
be0e77d8-753b-11e0-8bd2-001a80b96ce5||0|0|0|24f3660f-7df4-11e0-86d3-001e3d8af2c0|Сетевой фильтр Pilot GL 1,8m|0|шт|0||1|0|22.10.2012 17:12:29|
be0e77db-753b-11e0-8bd2-001a80b96ce5||0|0|0|24f3660f-7df4-11e0-86d3-001e3d8af2c0|Телефон PANASONIC TS 2358|0|шт|0||2|0|22.10.2012 17:12:29|
24f36610-7df4-11e0-86d3-001e3d8af2c0||0|0|0|24f3660f-7df4-11e0-86d3-001e3d8af2c0|Клавиатура Genius Comfy KB-06X2 (Black, PS/2, 104+3 клавиши)|0|шт|0||2|0|22.10.2012 17:12:29|
24f36612-7df4-11e0-86d3-001e3d8af2c0||0|0|0|24f3660f-7df4-11e0-86d3-001e3d8af2c0|Коммутатор неуправляемый D-Link DGS-1008D|0|шт|0||1|0|22.10.2012 17:12:29|
24f36614-7df4-11e0-86d3-001e3d8af2c0||0|0|0|24f3660f-7df4-11e0-86d3-001e3d8af2c0|Мышь Logitech RX1000 Laser|0|шт|0||2|0|22.10.2012 17:12:29|
24f36616-7df4-11e0-86d3-001e3d8af2c0||0|0|0|24f3660f-7df4-11e0-86d3-001e3d8af2c0|Пакет безопасности Kaspersky Internet Security 2011|0|шт|0||1|0|22.10.2012 17:12:29|
24f36618-7df4-11e0-86d3-001e3d8af2c0||0|0|0|24f3660f-7df4-11e0-86d3-001e3d8af2c0|Компьютер СКАТ Бизнес-4|0|шт|0||1|0|22.10.2012 17:12:29|
7137a7d2-82b9-11e0-861d-001e3d8af2c0||0|0|0|24f3660f-7df4-11e0-86d3-001e3d8af2c0|Вилка Hyperline RJ-45 универсальная|0|шт|0||8|0|22.10.2012 17:12:29|
7137a7d4-82b9-11e0-861d-001e3d8af2c0||0|0|0|24f3660f-7df4-11e0-86d3-001e3d8af2c0|Розетка сетевая Neomax RJ-45 1-порт настенная|0|шт|0||1|0|22.10.2012 17:12:29|
7137a7d6-82b9-11e0-861d-001e3d8af2c0||0|0|0|24f3660f-7df4-11e0-86d3-001e3d8af2c0|Розетка сетевая Neomax RJ-45 2-порта настенная|0|шт|0||1|0|22.10.2012 17:12:29|
7137a7d8-82b9-11e0-861d-001e3d8af2c0||0|0|0|24f3660f-7df4-11e0-86d3-001e3d8af2c0|Кабель медный UPT ПВХ серый 4 пары|0|м|0||70|0|22.10.2012 17:12:29|
39ca08d0-a786-11e0-af51-1c6f6571f455||0|0|0|24f3660f-7df4-11e0-86d3-001e3d8af2c0|RF Liebherr KT 1434-21|0|шт|0||1|0|22.10.2012 17:12:29|
39ca08d2-a786-11e0-af51-1c6f6571f455||0|0|0|24f3660f-7df4-11e0-86d3-001e3d8af2c0|MW LG MS2049F|0|шт|0||1|0|22.10.2012 17:12:29|
39ca08d4-a786-11e0-af51-1c6f6571f455||0|0|0|24f3660f-7df4-11e0-86d3-001e3d8af2c0|ЭЧ Bosch TWK 6001|0|шт|0||1|0|22.10.2012 17:12:29|
39ca08d6-a786-11e0-af51-1c6f6571f455||0|0|0|24f3660f-7df4-11e0-86d3-001e3d8af2c0|Сертификат ПДО 3 года|0|шт|0||1|0|22.10.2012 17:12:29|
5ddb4148-be78-11e0-93b8-001a80b96ce5||0|0|0|24f3660f-7df4-11e0-86d3-001e3d8af2c0|Картридж HP N36A (CB436A)|0|шт|0||1|0|22.10.2012 17:12:29|
797b8e3a-bf28-11e0-932a-001a80b96ce5||0|0|0|24f3660f-7df4-11e0-86d3-001e3d8af2c0|Мини АТС PANASONIC KX-TES824|0|шт|0||1|0|22.10.2012 17:12:29|
797b8e3e-bf28-11e0-932a-001a80b96ce5||0|0|0|24f3660f-7df4-11e0-86d3-001e3d8af2c0|ИБП APC Back Up ES 525VA|0|шт|0||2|0|22.10.2012 17:12:29|
5ce5051b-bffe-11df-9a6b-001e3d8af2c0||0|0|0|24f3660f-7df4-11e0-86d3-001e3d8af2c0|Навигационный приемник Oregon 550|0|шт|0||1|0|22.10.2012 17:12:29|
5ce5051d-bffe-11df-9a6b-001e3d8af2c0||0|0|0|24f3660f-7df4-11e0-86d3-001e3d8af2c0|Карта памяти micro SD/SD|0|шт|0||1|0|22.10.2012 17:12:29|
5ce5051f-bffe-11df-9a6b-001e3d8af2c0||0|0|0|24f3660f-7df4-11e0-86d3-001e3d8af2c0|Карта 6-го уровня (Дороги России ТОПО РФ)|0|шт|0||1|0|22.10.2012 17:12:29|
5ce50521-bffe-11df-9a6b-001e3d8af2c0||0|0|0|24f3660f-7df4-11e0-86d3-001e3d8af2c0|Автомобильный набор для Colorado/Oregon (крепление, кабель для прикуривателя)|0|шт|0||1|0|22.10.2012 17:12:29|
06f104d0-ca09-11df-b54c-001e3d8af2c0||0|0|0|24f3660f-7df4-11e0-86d3-001e3d8af2c0|Навигационный приемник Nuvi 3790T Russia|0|шт|0||1|0|22.10.2012 17:12:29|
96cb84a0-0c17-11e0-9bb1-001f3c6c6e5f||0|0|0|24f3660f-7df4-11e0-86d3-001e3d8af2c0|Точка WiFi доступа D-Link DWL-2100AP|0|шт|0||1|0|22.10.2012 17:12:29|
0665a944-6074-11dd-9fa8-001bfcb42550|11632|0|0|0|5cf1a340-0bca-11de-8972-001e3d8af2c0|Кран шаровый ITAP ручка-рычаг 1 1/4" ВР-ВР|0|шт|302,9|руб.|52|0|22.10.2012 17:12:29|
0665a942-6074-11dd-9fa8-001bfcb42550|11640|0|0|0|5cf1a340-0bca-11de-8972-001e3d8af2c0|Кран шаровый ITAP ручка-рычаг 1 1/2" ВР-ВР|0|шт|416,2|руб.|51|0|22.10.2012 17:12:29|
0665a956-6074-11dd-9fa8-001bfcb42550|11650|0|0|0|5cf1a340-0bca-11de-8972-001e3d8af2c0|Кран шаровый ITAP ручка-рычаг 2" ВР-ВР|0|шт|677,5|руб.|29|0|22.10.2012 17:12:29|
0665a94a-6074-11dd-9fa8-001bfcb42550|11815|0|0|0|5cf1a340-0bca-11de-8972-001e3d8af2c0|Кран шаровый ITAP ручка-бабочка 1/2" ВР-ВР|0|шт|82,2|руб.|87|0|22.10.2012 17:12:29|
0665a958-6074-11dd-9fa8-001bfcb42550|11820|0|0|0|5cf1a340-0bca-11de-8972-001e3d8af2c0|Кран шаровый ITAP ручка-бабочка 3/4" ВР-ВР|0|шт|121,3|руб.|57|0|22.10.2012 17:12:29|
0665a947-6074-11dd-9fa8-001bfcb42550|11825|0|0|0|5cf1a340-0bca-11de-8972-001e3d8af2c0|Кран шаровый ITAP ручка-бабочка 1" ВР-ВР|0|шт|179,4|руб.|1|0|22.10.2012 17:12:29|
0665a94b-6074-11dd-9fa8-001bfcb42550|11915|0|0|0|5cf1a340-0bca-11de-8972-001e3d8af2c0|Кран шаровый ITAP ручка-бабочка 1/2" НР-ВР|0|шт|96,3|руб.|77|0|22.10.2012 17:12:29|
7fcb8172-25bb-11df-9eaa-001e3d8af2c0|11732|0|0|0|5cf1a340-0bca-11de-8972-001e3d8af2c0|Кран шаровый ITAP ручка-рычаг 1 1/4" НР-ВР|0|шт|297,7|руб.|14|0|22.10.2012 17:12:29|
0c8db5cf-3898-11df-8c2e-001e3d8af2c0|16615|0|0|0|5cf1a340-0bca-11de-8972-001e3d8af2c0|Кран шаровый ITAP ручка-рычаг сливной с лат. штуцером 1/2”x3/4”|0|шт|121,3|руб.|12|0|22.10.2012 17:12:29|
ad70581a-b9bf-11e0-a450-1c6f6571f455|12515|0|0|0|5cf1a340-0bca-11de-8972-001e3d8af2c0|Кран шаровый ITAP  MINI ручка-флажок 1/2" ВР-ВР|0|шт|83,6|руб.|20|0|22.10.2012 17:12:29|
ad70581c-b9bf-11e0-a450-1c6f6571f455|12615|0|0|0|5cf1a340-0bca-11de-8972-001e3d8af2c0|Кран шаровый ITAP  MINI ручка-флажок 1/2" НР-ВР|0|шт|77,2|руб.|20|0|22.10.2012 17:12:29|
ad70581e-b9bf-11e0-a450-1c6f6571f455|39115|0|0|0|5cf1a340-0bca-11de-8972-001e3d8af2c0|Кран шаровый ITAP для стиральной машины 1/2"х1/2" НР-НР|0|шт|91,5|руб.|12|0|22.10.2012 17:12:29|
ad705820-b9bf-11e0-a450-1c6f6571f455|39215|0|0|0|5cf1a340-0bca-11de-8972-001e3d8af2c0|Кран шаровый ITAP для стиральной машины 1/2"х3/4" НР-НР|0|шт|97,7|руб.|10|0|22.10.2012 17:12:29|
2b2408ec-ea67-11e0-ac53-001a80b96ce5|11740|0|0|0|5cf1a340-0bca-11de-8972-001e3d8af2c0|Кран шаровый ITAP ручка-рычаг 1 1/2" НР-ВР|0|шт|466,8|руб.|2|0|22.10.2012 17:12:29|
7639c889-3c19-11e1-beed-001e3d8af2c0|11520|0|0|0|5cf1a340-0bca-11de-8972-001e3d8af2c0|Кран шаровый ITAP ручка-рычаг 3/4" ВР-ВР со сливным клапаном|0|шт|188,3|руб.|16|0|22.10.2012 17:12:29|
7639c88b-3c19-11e1-beed-001e3d8af2c0|11525|0|0|0|5cf1a340-0bca-11de-8972-001e3d8af2c0|Кран шаровый ITAP ручка-рычаг 1" ВР-ВР со сливным клапаном|0|шт|264,1|руб.|8|0|22.10.2012 17:12:29|
9c964d20-5bce-11de-acdb-ae97ed61589c|16820|0|0|0|5cf1a340-0bca-11de-8972-001e3d8af2c0|Кран шаровый ITAP ручка-бабочка сливной с лат. штуцером 3/4”x1”|0|шт|278,6|руб.|1|0|22.10.2012 17:12:29|
98746859-663e-11de-9500-001e3d8af2c0|11925|0|0|0|5cf1a340-0bca-11de-8972-001e3d8af2c0|Кран шаровый ITAP ручка-бабочка 1" НР-ВР|0|шт|215,3|руб.|70|0|22.10.2012 17:12:29|
629b0bb8-66b4-11de-975e-001e3d8af2c0|09815|0|0|0|5cf1a340-0bca-11de-8972-001e3d8af2c0|Кран шаровый ITAP ручка-бабочка со сгоном и нак. гайкой 1/2"|0|шт|132,3|руб.|73|0|22.10.2012 17:12:29|
629b0bba-66b4-11de-975e-001e3d8af2c0|11750|0|0|0|5cf1a340-0bca-11de-8972-001e3d8af2c0|Кран шаровый ITAP ручка-рычаг 2" НР-ВР|0|шт|781,4|руб.|4|0|22.10.2012 17:12:29|
629b0bbc-66b4-11de-975e-001e3d8af2c0|11920|0|0|0|5cf1a340-0bca-11de-8972-001e3d8af2c0|Кран шаровый ITAP ручка-бабочка 3/4" НР-ВР|0|шт|133,7|руб.|14|0|22.10.2012 17:12:29|
eaa4099a-6f67-11de-a40b-001e3d8af2c0|09820|0|0|0|5cf1a340-0bca-11de-8972-001e3d8af2c0|Кран шаровый ITAP ручка-бабочка со сгоном и нак. гайкой 3/4"|0|шт|190,9|руб.|163|0|22.10.2012 17:12:29|
8770a958-870c-11de-adac-001e3d8af2c0|16815|0|0|0|5cf1a340-0bca-11de-8972-001e3d8af2c0|Кран шаровый ITAP ручка-бабочка сливной с лат. штуцером 1/2”x3/4”|0|шт|94,6|руб.|4|0|22.10.2012 17:12:29|
7871cbee-8a53-11de-a086-001e3d8af2c0|09825|0|0|0|5cf1a340-0bca-11de-8972-001e3d8af2c0|Кран шаровый ITAP ручка-бабочка со сгоном и нак. гайкой 1"|0|шт|302,8|руб.|2|0|22.10.2012 17:12:29|
7871cbf0-8a53-11de-a086-001e3d8af2c0|09915|0|0|0|5cf1a340-0bca-11de-8972-001e3d8af2c0|Кран шаровый ITAP ручка-рычаг 1/2" НР-НР|0|шт|146|руб.|30|0|22.10.2012 17:12:29|
07306cf3-d35d-11de-80f8-001a80b96ce5|09832|0|0|0|5cf1a340-0bca-11de-8972-001e3d8af2c0|Кран шаровый ITAP ручка-бабочка со сгоном и нак. гайкой 1 1/4"|0|шт|467,9|руб.|23|0|22.10.2012 17:12:30|
0665a94d-6074-11dd-9fa8-001bfcb42550|32715|0|0|0|5cf1a341-0bca-11de-8972-001e3d8af2c0|Кран шаровый BUGATTI 327 ручка-бабочка 1/2" НР-НР|0|шт|187,3|руб.|8|0|22.10.2012 17:12:30|
a81ea45c-ade2-11e0-ba0d-001e3d8af2c0|68815|0|0|0|5cf1a341-0bca-11de-8972-001e3d8af2c0|Кран шаровый BUGATTI 688 ручка-бабочка 1/2" НР сливной со штуцером|0|шт|157,3|руб.|9|0|22.10.2012 17:12:30|
a81ea45e-ade2-11e0-ba0d-001e3d8af2c0|68820|0|0|0|5cf1a341-0bca-11de-8972-001e3d8af2c0|Кран шаровый BUGATTI 688 ручка-бабочка 3/4" НР сливной со штуцером|0|шт|201,6|руб.|8|0|22.10.2012 17:12:30|
9f024076-864d-11de-ae5e-001e3d8af2c0|30715|0|0|0|5cf1a341-0bca-11de-8972-001e3d8af2c0|Кран шаровый BUGATTI 307 ручка-бабочка 1/2" НР-ВР|0|шт|0||1|0|22.10.2012 17:12:30|
fee7baf6-c85b-11de-9471-001a80b96ce5|32215|0|0|0|5cf1a341-0bca-11de-8972-001e3d8af2c0|Кран шаровый BUGATTI 322 ручка-бабочка со сгоном 1/2"|0|шт|169,6|руб.|351|0|22.10.2012 17:12:30|
fea17f9c-d032-11df-90ee-001e3d8af2c0|30720|0|0|0|5cf1a341-0bca-11de-8972-001e3d8af2c0|Кран шаровый BUGATTI 307 ручка-бабочка 3/4" НР-ВР|0|шт|179,5|руб.|40|0|22.10.2012 17:12:30|
fea17f9e-d032-11df-90ee-001e3d8af2c0|30725|0|0|0|5cf1a341-0bca-11de-8972-001e3d8af2c0|Кран шаровый BUGATTI 307 ручка-бабочка 1" НР-ВР|0|шт|277,1|руб.|20|0|22.10.2012 17:12:30|
fea17fa0-d032-11df-90ee-001e3d8af2c0|30532|0|0|0|5cf1a341-0bca-11de-8972-001e3d8af2c0|Кран шаровый BUGATTI 305 ручка-рычаг 1 1/4" НР-ВР|0|шт|431|руб.|20|0|22.10.2012 17:12:30|
fea17fa2-d032-11df-90ee-001e3d8af2c0|30540|0|0|0|5cf1a341-0bca-11de-8972-001e3d8af2c0|Кран шаровый BUGATTI 305 ручка-рычаг 1 1/2" НР-ВР|0|шт|656,3|руб.|10|0|22.10.2012 17:12:30|
fea17fa4-d032-11df-90ee-001e3d8af2c0|30215|0|0|0|5cf1a341-0bca-11de-8972-001e3d8af2c0|Кран шаровый BUGATTI 302 ручка-бабочка 1/2" ВР-ВР|0|шт|114,8|руб.|45|0|22.10.2012 17:12:30|
fea17fa6-d032-11df-90ee-001e3d8af2c0|30220|0|0|0|5cf1a341-0bca-11de-8972-001e3d8af2c0|Кран шаровый BUGATTI 302 ручка-бабочка 3/4" ВР-ВР|0|шт|166,9|руб.|1|0|22.10.2012 17:12:30|
fea17fa8-d032-11df-90ee-001e3d8af2c0|30225|0|0|0|5cf1a341-0bca-11de-8972-001e3d8af2c0|Кран шаровый BUGATTI 302 ручка-бабочка 1" ВР-ВР|0|шт|250,4|руб.|1|0|22.10.2012 17:12:30|
fea17faa-d032-11df-90ee-001e3d8af2c0|30032|0|0|0|5cf1a341-0bca-11de-8972-001e3d8af2c0|Кран шаровый BUGATTI 300 ручка-рычаг 1 1/4" ВР-ВР|0|шт|411|руб.|24|0|22.10.2012 17:12:30|
fea17fac-d032-11df-90ee-001e3d8af2c0|30040|0|0|0|5cf1a341-0bca-11de-8972-001e3d8af2c0|Кран шаровый BUGATTI 300 ручка-рычаг 1 1/2" ВР-ВР|0|шт|566,4|руб.|6|0|22.10.2012 17:12:30|
fea17fae-d032-11df-90ee-001e3d8af2c0|30050|0|0|0|5cf1a341-0bca-11de-8972-001e3d8af2c0|Кран шаровый BUGATTI 300 ручка-рычаг 2" ВР-ВР|0|шт|950,1|руб.|20|0|22.10.2012 17:12:30|
fea17fb0-d032-11df-90ee-001e3d8af2c0|32220|0|0|0|5cf1a341-0bca-11de-8972-001e3d8af2c0|Кран шаровый BUGATTI 322 ручка-бабочка со сгоном 3/4"|0|шт|240,5|руб.|47|0|22.10.2012 17:12:30|
fea17fb2-d032-11df-90ee-001e3d8af2c0|32225|0|0|0|5cf1a341-0bca-11de-8972-001e3d8af2c0|Кран шаровый BUGATTI 322 ручка-бабочка со сгоном 1"|0|шт|500,8|руб.|40|0|22.10.2012 17:12:30|
fea17fb4-d032-11df-90ee-001e3d8af2c0|32032|0|0|0|5cf1a341-0bca-11de-8972-001e3d8af2c0|Кран шаровый BUGATTI 320 ручка-рычаг со сгоном 1 1/4"|0|шт|634,2|руб.|79|0|22.10.2012 17:12:30|
2e019535-d681-11df-9cee-001e3d8af2c0|32720|0|0|0|5cf1a341-0bca-11de-8972-001e3d8af2c0|Кран шаровый BUGATTI 327 ручка-бабочка 3/4" НР-НР|0|шт|205|руб.|10|0|22.10.2012 17:12:30|
2e019537-d681-11df-9cee-001e3d8af2c0|32725|0|0|0|5cf1a341-0bca-11de-8972-001e3d8af2c0|Кран шаровый BUGATTI 327 ручка-бабочка 1" НР-НР|0|шт|301,6|руб.|20|0|22.10.2012 17:12:30|
00532db9-6074-11dd-9fa8-001bfcb42550|10315|0|0|0|8fc57680-8389-11e1-97be-1c6f6571f455|Клапан обратный ITAP 1/2"|0|шт|88,6|руб.|12|0|22.10.2012 17:12:30|
00532dbb-6074-11dd-9fa8-001bfcb42550|10320|0|0|0|8fc57680-8389-11e1-97be-1c6f6571f455|Клапан обратный ITAP 3/4"|0|шт|121,1|руб.|12|0|22.10.2012 17:12:30|
00532db8-6074-11dd-9fa8-001bfcb42550|10325|0|0|0|8fc57680-8389-11e1-97be-1c6f6571f455|Клапан обратный ITAP 1"|0|шт|148,7|руб.|22|0|22.10.2012 17:12:30|
00532db7-6074-11dd-9fa8-001bfcb42550|10332|0|0|0|8fc57680-8389-11e1-97be-1c6f6571f455|Клапан обратный ITAP 1 1/4"|0|шт|238,1|руб.|8|0|22.10.2012 17:12:30|
00532db6-6074-11dd-9fa8-001bfcb42550|10340|0|0|0|8fc57680-8389-11e1-97be-1c6f6571f455|Клапан обратный ITAP 1 1/2"|0|шт|357,6|руб.|21|0|22.10.2012 17:12:30|
00532dba-6074-11dd-9fa8-001bfcb42550|10350|0|0|0|8fc57680-8389-11e1-97be-1c6f6571f455|Клапан обратный ITAP 2"|0|шт|387,5|руб.|8|0|22.10.2012 17:12:30|
00532dbc-6074-11dd-9fa8-001bfcb42550|36515|0|0|0|8fc57681-8389-11e1-97be-1c6f6571f455|Клапан отсекающий для автом. воздухоотв. 1/2"|0|шт|30,1|руб.|18|0|22.10.2012 17:12:30|
00532c7e-6074-11dd-9fa8-001bfcb42550|36215|0|0|0|8fc57681-8389-11e1-97be-1c6f6571f455|Воздухоотводчик прямой автоматический ITAP 1/2"|0|шт|127,6|руб.|14|0|22.10.2012 17:12:30|
33540cda-149d-11df-9dc1-001e3d8af2c0|36115|0|0|0|8fc57681-8389-11e1-97be-1c6f6571f455|Редуктор давления MINIBRASS ITAP 1/2"|0|шт|277,9|руб.|10|0|22.10.2012 17:12:30|
13090131-6074-11dd-9fa8-001bfcb42550|19240|0|0|0|8fc57682-8389-11e1-97be-1c6f6571f455|Фильтр латунный ITAP 1 1/2"|0|шт|328,3|руб.|5|0|22.10.2012 17:12:30|
13090132-6074-11dd-9fa8-001bfcb42550|19232|0|0|0|8fc57682-8389-11e1-97be-1c6f6571f455|Фильтр латунный ITAP 1 1/4"|0|шт|246,7|руб.|11|0|22.10.2012 17:12:30|
13090133-6074-11dd-9fa8-001bfcb42550|19225|0|0|0|8fc57682-8389-11e1-97be-1c6f6571f455|Фильтр латунный ITAP 1"|0|шт|193,5|руб.|1|0|22.10.2012 17:12:30|
13090134-6074-11dd-9fa8-001bfcb42550|19215|0|0|0|8fc57682-8389-11e1-97be-1c6f6571f455|Фильтр латунный ITAP 1/2"|0|шт|73,7|руб.|1|0|22.10.2012 17:12:30|
13090136-6074-11dd-9fa8-001bfcb42550|19220|0|0|0|8fc57682-8389-11e1-97be-1c6f6571f455|Фильтр латунный ITAP 3/4"|0|шт|122,9|руб.|36|0|22.10.2012 17:12:30|
13090135-6074-11dd-9fa8-001bfcb42550|19250|0|0|0|8fc57682-8389-11e1-97be-1c6f6571f455|Фильтр латунный ITAP 2"|0|шт|546,5|руб.|4|0|22.10.2012 17:12:30|
80bc96f7-0fc9-11df-8386-001a80b96ce5|29620|0|0|0|8fc57684-8389-11e1-97be-1c6f6571f455|Прямой запорный клапан ITAP, 3/4" ВР|0|шт|140,4|руб.|10|0|22.10.2012 17:12:30|
80bc96f9-0fc9-11df-8386-001a80b96ce5|29420|0|0|0|8fc57684-8389-11e1-97be-1c6f6571f455|Прямой ручной вентиль ITAP, 3/4" ВР|0|шт|159,1|руб.|12|0|22.10.2012 17:12:30|
0c02d253-4069-11df-ba11-001e3d8af2c0|39420|0|0|0|8fc57684-8389-11e1-97be-1c6f6571f455|Угловой ручной вентиль ITAP, 3/4" ВР|0|шт|154,7|руб.|12|0|22.10.2012 17:12:30|
0c02d255-4069-11df-ba11-001e3d8af2c0|39620|0|0|0|8fc57684-8389-11e1-97be-1c6f6571f455|Угловой запорный клапан ITAP, 3/4" ВР|0|шт|138,3|руб.|16|0|22.10.2012 17:12:30|
ab499a3b-8a93-11e0-8e03-1c6f6571f455|48815|0|0|0|8fc57684-8389-11e1-97be-1c6f6571f455|Вентиль угловой ITAP 1/2" НР-НР|0|шт|92,4|руб.|14|0|22.10.2012 17:12:30|
ad705814-b9bf-11e0-a450-1c6f6571f455|22615|0|0|0|8fc57684-8389-11e1-97be-1c6f6571f455|Вентиль горизонтальный ITAP для стиральной машины 1/2"х3/4" НР-НР|0|шт|101,7|руб.|12|0|22.10.2012 17:12:30|
ad705818-b9bf-11e0-a450-1c6f6571f455|25515|0|0|0|8fc57684-8389-11e1-97be-1c6f6571f455|Вентиль 3-х проходной ITAP для стиральной машины 1/2"ВРх3/4"НРх1/2"НР|0|шт|127,3|руб.|8|0|22.10.2012 17:12:30|
ad705822-b9bf-11e0-a450-1c6f6571f455|39615|0|0|0|8fc57684-8389-11e1-97be-1c6f6571f455|Угловой запорный клапан ITAP, 1/2" ВР|0|шт|91,1|руб.|1|0|22.10.2012 17:12:30|
ad705824-b9bf-11e0-a450-1c6f6571f455|39415|0|0|0|8fc57684-8389-11e1-97be-1c6f6571f455|Угловой ручной вентиль ITAP, 1/2" ВР|0|шт|0||1|0|22.10.2012 17:12:30|
36d2d72f-9235-11de-8e62-001e3d8af2c0|29615|0|0|0|8fc57684-8389-11e1-97be-1c6f6571f455|Прямой запорный клапан ITAP, 1/2" ВР|0|шт|103,5|руб.|10|0|22.10.2012 17:12:30|
36d2d733-9235-11de-8e62-001e3d8af2c0|29415|0|0|0|8fc57684-8389-11e1-97be-1c6f6571f455|Прямой ручной вентиль ITAP, 1/2" ВР|0|шт|104,7|руб.|1|0|22.10.2012 17:12:30|
24f365f5-7df4-11e0-86d3-001e3d8af2c0||0|0|0|5ce5051a-bffe-11df-9a6b-001e3d8af2c0|Средство первой помощи Аптечка универсаль|0|шт|0||1|0|22.10.2012 17:12:30|
45d351bb-562d-11e1-9e14-1c6f6571f455||0|0|0|45d351ba-562d-11e1-9e14-1c6f6571f455|Куртка утепленная СОВРЕМЕННИК (Рзм-52-54 Рст-3-4)|0|шт|0||1|0|22.10.2012 17:12:30|
45d351bc-562d-11e1-9e14-1c6f6571f455||0|0|0|45d351ba-562d-11e1-9e14-1c6f6571f455|Куртка утепленная СОВРЕМЕННИК (Рзм-52-54 Рст-5-6)|0|шт|0||1|0|22.10.2012 17:12:30|
45d351bd-562d-11e1-9e14-1c6f6571f455||0|0|0|45d351ba-562d-11e1-9e14-1c6f6571f455|Халат мужской для ИТР(синий) (Рзм-52-54 Рст-5-6)|0|шт|0||2|0|22.10.2012 17:12:30|
00532b98-6074-11dd-9fa8-001bfcb42550|065B1632|0|0|0|00532b6e-6074-11dd-9fa8-001bfcb42550|VF 3 клапан регулирующий Ду 32 Danfoss|0|шт|0||1|0|22.10.2012 17:12:30|
9098c3cf-5cf4-11df-be1f-001e3d8af2c0|130306|0|0|0|00532bb6-6074-11dd-9fa8-001bfcb42550|Душевой комплект MORA LAVENA, S2, 4-х режимный ручной душ|0|шт|3 558,6|руб.|1|0|22.10.2012 17:12:30|
9098c3d1-5cf4-11df-be1f-001e3d8af2c0|FMM9490-4500|0|0|0|00532bb6-6074-11dd-9fa8-001bfcb42550|Смеситель термостатический FMM ORIGO LUX для ванны/ душа|0|шт|7 610,1|руб.|1|0|22.10.2012 17:12:30|
9098c3d3-5cf4-11df-be1f-001e3d8af2c0||0|0|0|00532bb6-6074-11dd-9fa8-001bfcb42550|Комплект для подвесного унитаза GEBERIT (рама с бачком, клавишей, крепежом и з/изоляцией)|0|шт|6 603,8|руб.|1|0|22.10.2012 17:12:30|
00532cef-6074-11dd-9fa8-001bfcb42550||0|0|0|00532bba-6074-11dd-9fa8-001bfcb42550|Дюбель распорный 10х60|0|шт|0,6|руб.|3 011|0|22.10.2012 17:12:30|
7fffa65a-ac34-11e0-bbc3-1c6f6571f455||0|0|0|00532bba-6074-11dd-9fa8-001bfcb42550|Дюбель распорный 12х70|0|шт|0,8|руб.|2 665|0|22.10.2012 17:12:30|
00532c78-6074-11dd-9fa8-001bfcb42550||0|0|0|00532c77-6074-11dd-9fa8-001bfcb42550|Воздухоотводчик для радиатора (Маевского) 1/2"|0|шт|20,4|руб.|21|0|22.10.2012 17:12:30|
c2ef236f-db7e-11e0-8034-1c6f6571f455||0|0|0|00532c9c-6074-11dd-9fa8-001bfcb42550|Уплотняющая паста UNIPAC 65 гр.|0|шт|0||10|0|22.10.2012 17:12:30|
c2ef2371-db7e-11e0-8034-1c6f6571f455||0|0|0|00532c9c-6074-11dd-9fa8-001bfcb42550|ФУМ лента 15 м х 19 мм х 0,20 мм|0|шт|23,9|руб.|8|0|22.10.2012 17:12:30|
09c954e3-f619-11e0-9563-1c6f6571f455||0|0|0|00532c9c-6074-11dd-9fa8-001bfcb42550|Герметик силиконовый KRASS санитарный бесцветный 300 мл|0|шт|101|руб.|13|0|22.10.2012 17:12:30|
0665a9ab-6074-11dd-9fa8-001bfcb42550||0|0|0|00532c9c-6074-11dd-9fa8-001bfcb42550|Лен сантехнический UNIPAK 200гр. (Дания)|0|шт|59,7|руб.|24|0|22.10.2012 17:12:30|
ec36f178-cd04-11de-8305-001a80b96ce5||0|0|0|00532c9c-6074-11dd-9fa8-001bfcb42550|Лен сантехнический UNIPAK 100гр. (Дания)|0|шт|30,1|руб.|100|0|22.10.2012 17:12:30|
0cb623e0-6074-11dd-9fa8-001bfcb42550|СГ15|0|0|0|00532cfb-6074-11dd-9fa8-001bfcb42550|Сгон прямой (американка) никелир. 1/2"|0|шт|58,2|руб.|31|0|22.10.2012 17:12:30|
0cb623e2-6074-11dd-9fa8-001bfcb42550|СГ20|0|0|0|00532cfb-6074-11dd-9fa8-001bfcb42550|Сгон прямой (американка) никелир. 3/4"|0|шт|84,4|руб.|31|0|22.10.2012 17:12:30|
0cb623df-6074-11dd-9fa8-001bfcb42550|СГ25|0|0|0|00532cfb-6074-11dd-9fa8-001bfcb42550|Сгон прямой (американка) никелир. 1"|0|шт|141,5|руб.|21|0|22.10.2012 17:12:30|
0cb623de-6074-11dd-9fa8-001bfcb42550|СГ32|0|0|0|00532cfb-6074-11dd-9fa8-001bfcb42550|Сгон прямой (американка) никелир. 1 1/4"|0|шт|259,9|руб.|11|0|22.10.2012 17:12:30|
130900d3-6074-11dd-9fa8-001bfcb42550|СГУ25|0|0|0|00532cfb-6074-11dd-9fa8-001bfcb42550|Сгон угловой (американка) никелир. 1"|0|шт|196,7|руб.|10|0|22.10.2012 17:12:30|
130900d4-6074-11dd-9fa8-001bfcb42550|СГУ15|0|0|0|00532cfb-6074-11dd-9fa8-001bfcb42550|Сгон угловой (американка) никелир. 1/2"|0|шт|64|руб.|10|0|22.10.2012 17:12:30|
130900d6-6074-11dd-9fa8-001bfcb42550|СГУ20|0|0|0|00532cfb-6074-11dd-9fa8-001bfcb42550|Сгон угловой (американка) никелир. 3/4"|0|шт|112,3|руб.|10|0|22.10.2012 17:12:30|
0665ab3d-6074-11dd-9fa8-001bfcb42550|НИ32|0|0|0|00532cfb-6074-11dd-9fa8-001bfcb42550|Ниппель 11/4" никелир.|0|шт|87,7|руб.|9|0|22.10.2012 17:12:30|
0665ab3b-6074-11dd-9fa8-001bfcb42550|НИ15|0|0|0|00532cfb-6074-11dd-9fa8-001bfcb42550|Ниппель 1/2" никелир.|0|шт|14,8|руб.|51|0|22.10.2012 17:12:30|
0665ab3a-6074-11dd-9fa8-001bfcb42550|НИ25|0|0|0|00532cfb-6074-11dd-9fa8-001bfcb42550|Ниппель 1" никелир.|0|шт|48,3|руб.|31|0|22.10.2012 17:12:30|
0665ab3f-6074-11dd-9fa8-001bfcb42550|НИ20|0|0|0|00532cfb-6074-11dd-9fa8-001bfcb42550|Ниппель 3/4" никелир.|0|шт|33,9|руб.|51|0|22.10.2012 17:12:30|
0665ab42-6074-11dd-9fa8-001bfcb42550|NIP|0|0|0|00532cfb-6074-11dd-9fa8-001bfcb42550|Ниппель перех. 1"х 3/4" никелир.|0|шт|44,4|руб.|10|0|22.10.2012 17:12:30|
0665ab41-6074-11dd-9fa8-001bfcb42550|NIP|0|0|0|00532cfb-6074-11dd-9fa8-001bfcb42550|Ниппель перех. 1"х 1/2" никелир.|0|шт|42,6|руб.|20|0|22.10.2012 17:12:30|
0665ab4c-6074-11dd-9fa8-001bfcb42550|NIP|0|0|0|00532cfb-6074-11dd-9fa8-001bfcb42550|Ниппель перех. 3/4"х 1/2" никелир.|0|шт|26,1|руб.|63|0|22.10.2012 17:12:30|
1309017a-6074-11dd-9fa8-001bfcb42550|ФУТ2520|0|0|0|00532cfb-6074-11dd-9fa8-001bfcb42550|Футорка перех. 1" НРх 3/4" ВР никелир.|0|шт|58,3|руб.|6|0|22.10.2012 17:12:30|
0cb622e1-6074-11dd-9fa8-001bfcb42550|PER|0|0|0|00532cfb-6074-11dd-9fa8-001bfcb42550|Переход 1" ВРх 3/4" НР никелир.|0|шт|38,6|руб.|11|0|22.10.2012 17:12:30|
0cb622e0-6074-11dd-9fa8-001bfcb42550|PER|0|0|0|00532cfb-6074-11dd-9fa8-001bfcb42550|Переход 1" ВРх 1/2" НР никелир.|0|шт|35,2|руб.|11|0|22.10.2012 17:12:30|
0665aa00-6074-11dd-9fa8-001bfcb42550|МУ32|0|0|0|00532cfb-6074-11dd-9fa8-001bfcb42550|Муфта 11/4"  никелир.|0|шт|106,4|руб.|5|0|22.10.2012 17:12:30|
0665a9fb-6074-11dd-9fa8-001bfcb42550|МУ25|0|0|0|00532cfb-6074-11dd-9fa8-001bfcb42550|Муфта 1"  никелир.|0|шт|59,1|руб.|31|0|22.10.2012 17:12:30|
0665aa34-6074-11dd-9fa8-001bfcb42550|МУ20|0|0|0|00532cfb-6074-11dd-9fa8-001bfcb42550|Муфта 3/4"  никелир.|0|шт|38,2|руб.|48|0|22.10.2012 17:12:30|
0665a9fc-6074-11dd-9fa8-001bfcb42550|МУ15|0|0|0|00532cfb-6074-11dd-9fa8-001bfcb42550|Муфта 1/2"  никелир.|0|шт|22,7|руб.|56|0|22.10.2012 17:12:30|
0665aa69-6074-11dd-9fa8-001bfcb42550|MUP|0|0|0|00532cfb-6074-11dd-9fa8-001bfcb42550|Муфта перех. 11/4"х 1"  никелир.|0|шт|89,7|руб.|5|0|22.10.2012 17:12:30|
0665aa64-6074-11dd-9fa8-001bfcb42550|MUP|0|0|0|00532cfb-6074-11dd-9fa8-001bfcb42550|Муфта перех. 1"х 1/2"  никелир.|0|шт|52,3|руб.|11|0|22.10.2012 17:12:30|
0665aa7a-6074-11dd-9fa8-001bfcb42550|MUP|0|0|0|00532cfb-6074-11dd-9fa8-001bfcb42550|Муфта перех. 3/4"х 1/2"  никелир.|0|шт|36,9|руб.|10|0|22.10.2012 17:12:30|
0665aa65-6074-11dd-9fa8-001bfcb42550|MUP|0|0|0|00532cfb-6074-11dd-9fa8-001bfcb42550|Муфта перех. 1"х 3/4"  никелир.|0|шт|62,9|руб.|11|0|22.10.2012 17:12:30|
0cb6257e-6074-11dd-9fa8-001bfcb42550|TRP|0|0|0|00532cfb-6074-11dd-9fa8-001bfcb42550|Тройник перех.  1"х1/2"х1" ВР  никелир.|0|шт|128,9|руб.|6|0|22.10.2012 17:12:30|
0cb62583-6074-11dd-9fa8-001bfcb42550|TR34|0|0|0|00532cfb-6074-11dd-9fa8-001bfcb42550|Тройник 3/4" ВР  никелир.|0|шт|74,7|руб.|11|0|22.10.2012 17:12:30|
130900f8-6074-11dd-9fa8-001bfcb42550|UG114|0|0|0|00532cfb-6074-11dd-9fa8-001bfcb42550|Угольник 11/4" ВР никелир.|0|шт|213,6|руб.|5|0|22.10.2012 17:12:30|
130900f9-6074-11dd-9fa8-001bfcb42550|UG114|0|0|0|00532cfb-6074-11dd-9fa8-001bfcb42550|Угольник 11/4" ВР-НР никелир.|0|шт|214,2|руб.|5|0|22.10.2012 17:12:30|
130900fc-6074-11dd-9fa8-001bfcb42550|UG34|0|0|0|00532cfb-6074-11dd-9fa8-001bfcb42550|Угольник 3/4" ВР-НР никелир.|0|шт|68,2|руб.|5|0|22.10.2012 17:12:30|
130900f3-6074-11dd-9fa8-001bfcb42550|UG1|0|0|0|00532cfb-6074-11dd-9fa8-001bfcb42550|Угольник 1" ВР никелир.|0|шт|115,4|руб.|5|0|22.10.2012 17:12:30|
0cb622e8-6074-11dd-9fa8-001bfcb42550|PER|0|0|0|00532cfb-6074-11dd-9fa8-001bfcb42550|Переход 3/4" ВРх 1/2" НР никелир.|0|шт|31,5|руб.|31|0|22.10.2012 17:12:30|
1309017e-6074-11dd-9fa8-001bfcb42550|ФУТ4032|0|0|0|00532cfb-6074-11dd-9fa8-001bfcb42550|Футорка перех. 11/2" НРх 11/4" ВР никелир.|0|шт|56,6|руб.|3|0|22.10.2012 17:12:30|
00532cfd-6074-11dd-9fa8-001bfcb42550|ZA1|0|0|0|00532cfb-6074-11dd-9fa8-001bfcb42550|Заглушка 1" НР никелир.|0|шт|35,2|руб.|10|0|22.10.2012 17:12:30|
00532cfc-6074-11dd-9fa8-001bfcb42550|PR|0|0|0|00532cfb-6074-11dd-9fa8-001bfcb42550|Пробка 1" ВР никелир.|0|шт|30,1|руб.|10|0|22.10.2012 17:12:30|
00532cfe-6074-11dd-9fa8-001bfcb42550|PR|0|0|0|00532cfb-6074-11dd-9fa8-001bfcb42550|Пробка 1/2" ВР никелир.|0|шт|14,2|руб.|10|0|22.10.2012 17:12:30|
1309017b-6074-11dd-9fa8-001bfcb42550|FU12|0|0|0|00532cfb-6074-11dd-9fa8-001bfcb42550|Футорка перех. 1/2" НРх 3/8" ВР никелир.|0|шт|12,7|руб.|5|0|22.10.2012 17:12:30|
0665aa68-6074-11dd-9fa8-001bfcb42550|MUP|0|0|0|00532cfb-6074-11dd-9fa8-001bfcb42550|Муфта перех. 11/2"х 11/4"  никелир.|0|шт|126,3|руб.|5|0|22.10.2012 17:12:30|
0665ab49-6074-11dd-9fa8-001bfcb42550|NIP|0|0|0|00532cfb-6074-11dd-9fa8-001bfcb42550|Ниппель перех. 11/4"х 3/4" никелир.|0|шт|91,7|руб.|19|0|22.10.2012 17:12:30|
130900f6-6074-11dd-9fa8-001bfcb42550|UG12|0|0|0|00532cfb-6074-11dd-9fa8-001bfcb42550|Угольник 1/2" НР никелир.|0|шт|39,6|руб.|6|0|22.10.2012 17:12:30|
0665ab3e-6074-11dd-9fa8-001bfcb42550|НИ50|0|0|0|00532cfb-6074-11dd-9fa8-001bfcb42550|Ниппель 2" никелир.|0|шт|131,1|руб.|5|0|22.10.2012 17:12:30|
00532d05-6074-11dd-9fa8-001bfcb42550|PR|0|0|0|00532cfb-6074-11dd-9fa8-001bfcb42550|Пробка 3/4" ВР никелир.|0|шт|20,7|руб.|10|0|22.10.2012 17:12:30|
0665a9ff-6074-11dd-9fa8-001bfcb42550|МУ40|0|0|0|00532cfb-6074-11dd-9fa8-001bfcb42550|Муфта 11/2"  никелир.|0|шт|155,8|руб.|5|0|22.10.2012 17:12:30|
130900f5-6074-11dd-9fa8-001bfcb42550|UG12|0|0|0|00532cfb-6074-11dd-9fa8-001bfcb42550|Угольник 1/2" ВР никелир.|0|шт|39,9|руб.|5|0|22.10.2012 17:12:30|
0cb623e1-6074-11dd-9fa8-001bfcb42550|СГ50|0|0|0|00532cfb-6074-11dd-9fa8-001bfcb42550|Сгон прямой (американка) никелир. 2"|0|шт|717,6|руб.|7|0|22.10.2012 17:12:30|
0cb6257f-6074-11dd-9fa8-001bfcb42550|TR12|0|0|0|00532cfb-6074-11dd-9fa8-001bfcb42550|Тройник 1/2" ВР  никелир.|0|шт|53,1|руб.|11|0|22.10.2012 17:12:30|
0665aa6a-6074-11dd-9fa8-001bfcb42550|MUP|0|0|0|00532cfb-6074-11dd-9fa8-001bfcb42550|Муфта перех. 11/4"х 3/4"  никелир.|0|шт|81,8|руб.|5|0|22.10.2012 17:12:30|
0665ab46-6074-11dd-9fa8-001bfcb42550|NIP|0|0|0|00532cfb-6074-11dd-9fa8-001bfcb42550|Ниппель перех. 11/2"х 11/4" никелир.|0|шт|126,3|руб.|5|0|22.10.2012 17:12:30|
1309017f-6074-11dd-9fa8-001bfcb42550|ФУТ3225|0|0|0|00532cfb-6074-11dd-9fa8-001bfcb42550|Футорка перех. 11/4" НРх 1" ВР никелир.|0|шт|51,1|руб.|10|0|22.10.2012 17:12:30|
0665ab4a-6074-11dd-9fa8-001bfcb42550|NIP|0|0|0|00532cfb-6074-11dd-9fa8-001bfcb42550|Ниппель перех. 2"х 11/2" никелир.|0|шт|137,9|руб.|5|0|22.10.2012 17:12:30|
00532cff-6074-11dd-9fa8-001bfcb42550|ZA12|0|0|0|00532cfb-6074-11dd-9fa8-001bfcb42550|Заглушка 1/2" НР никелир.|0|шт|12,1|руб.|10|0|22.10.2012 17:12:30|
0cb6257d-6074-11dd-9fa8-001bfcb42550|TR1|0|0|0|00532cfb-6074-11dd-9fa8-001bfcb42550|Тройник  1" ВР  никелир.|0|шт|159,1|руб.|6|0|22.10.2012 17:12:30|
00532d06-6074-11dd-9fa8-001bfcb42550|ZA34|0|0|0|00532cfb-6074-11dd-9fa8-001bfcb42550|Заглушка 3/4" НР никелир.|0|шт|22,1|руб.|10|0|22.10.2012 17:12:30|
0665ab3c-6074-11dd-9fa8-001bfcb42550|НИ40|0|0|0|00532cfb-6074-11dd-9fa8-001bfcb42550|Ниппель 11/2" никелир.|0|шт|83|руб.|6|0|22.10.2012 17:12:30|
0665aa15-6074-11dd-9fa8-001bfcb42550|МУ50|0|0|0|00532cfb-6074-11dd-9fa8-001bfcb42550|Муфта 2"  никелир.|0|шт|245,9|руб.|5|0|22.10.2012 17:12:30|
0665ab44-6074-11dd-9fa8-001bfcb42550|NIP|0|0|0|00532cfb-6074-11dd-9fa8-001bfcb42550|Ниппель перех. 11/2"х 1" никелир.|0|шт|93,6|руб.|5|0|22.10.2012 17:12:30|
0cb622e5-6074-11dd-9fa8-001bfcb42550|PER|0|0|0|00532cfb-6074-11dd-9fa8-001bfcb42550|Переход 11/4" ВРх 1" НР никелир.|0|шт|61,5|руб.|9|0|22.10.2012 17:12:30|
0cb622e7-6074-11dd-9fa8-001bfcb42550|PER|0|0|0|00532cfb-6074-11dd-9fa8-001bfcb42550|Переход 11/4" ВРх 3/4" НР никелир.|0|шт|73,4|руб.|5|0|22.10.2012 17:12:30|
0665ab47-6074-11dd-9fa8-001bfcb42550|NIP|0|0|0|00532cfb-6074-11dd-9fa8-001bfcb42550|Ниппель перех. 11/4"х 1" никелир.|0|шт|95,8|руб.|4|0|22.10.2012 17:12:30|
13090181-6074-11dd-9fa8-001bfcb42550|ФУТ5040|0|0|0|00532cfb-6074-11dd-9fa8-001bfcb42550|Футорка перех. 2" НРх 11/2" ВР никелир.|0|шт|120,9|руб.|5|0|22.10.2012 17:12:30|
130900f4-6074-11dd-9fa8-001bfcb42550|UG1|0|0|0|00532cfb-6074-11dd-9fa8-001bfcb42550|Угольник 1" ВР-НР никелир.|0|шт|111,5|руб.|5|0|22.10.2012 17:12:30|
130900f7-6074-11dd-9fa8-001bfcb42550|UG112|0|0|0|00532cfb-6074-11dd-9fa8-001bfcb42550|Угольник 11/2" ВР-НР никелир.|0|шт|295,4|руб.|5|0|22.10.2012 17:12:30|
0cb62582-6074-11dd-9fa8-001bfcb42550|TR114|0|0|0|00532cfb-6074-11dd-9fa8-001bfcb42550|Тройник  11/4" ВР  никелир.|0|шт|244,4|руб.|9|0|22.10.2012 17:12:30|
0cb62581-6074-11dd-9fa8-001bfcb42550|TR112|0|0|0|00532cfb-6074-11dd-9fa8-001bfcb42550|Тройник  11/2" ВР  никелир.|0|шт|311,1|руб.|5|0|22.10.2012 17:12:30|
0665ab48-6074-11dd-9fa8-001bfcb42550|NIP|0|0|0|00532cfb-6074-11dd-9fa8-001bfcb42550|Ниппель перех. 11/4"х 1/2" никелир.|0|шт|72,2|руб.|5|0|22.10.2012 17:12:30|
13090180-6074-11dd-9fa8-001bfcb42550|ФУТ3215|0|0|0|00532cfb-6074-11dd-9fa8-001bfcb42550|Футорка перех. 11/4" НРх 1/2" ВР никелир.|0|шт|95,6|руб.|5|0|22.10.2012 17:12:30|
13090179-6074-11dd-9fa8-001bfcb42550|ФУТ2515|0|0|0|00532cfb-6074-11dd-9fa8-001bfcb42550|Футорка перех. 1" НРх 1/2" ВР никелир.|0|шт|43,6|руб.|6|0|22.10.2012 17:12:30|
1309017c-6074-11dd-9fa8-001bfcb42550|ФУТ4025|0|0|0|00532cfb-6074-11dd-9fa8-001bfcb42550|Футорка перех. 11/2" НРх 1" ВР никелир.|0|шт|93,6|руб.|5|0|22.10.2012 17:12:30|
0665ab4b-6074-11dd-9fa8-001bfcb42550|NIP|0|0|0|00532cfb-6074-11dd-9fa8-001bfcb42550|Ниппель перех. 2"х 11/4" никелир.|0|шт|148,9|руб.|5|0|22.10.2012 17:12:30|
0cb62585-6074-11dd-9fa8-001bfcb42550|TRP|0|0|0|00532cfb-6074-11dd-9fa8-001bfcb42550|Тройник перех.  3/4"х1/2"х3/4"  ВР  никелир.|0|шт|77,6|руб.|5|0|22.10.2012 17:12:30|
0cb62586-6074-11dd-9fa8-001bfcb42550|TRP|0|0|0|00532cfb-6074-11dd-9fa8-001bfcb42550|Тройник перех. 1"х 3/4"х1" ВР  никелир.|0|шт|124|руб.|5|0|22.10.2012 17:12:30|
ab499a73-8a93-11e0-8e03-1c6f6571f455|TR1|0|0|0|00532cfb-6074-11dd-9fa8-001bfcb42550|Тройник  1" НР  никелир.|0|шт|151,4|руб.|6|0|22.10.2012 17:12:30|
9c87f44e-c23c-11e0-aca8-001e3d8af2c0|MUP|0|0|0|00532cfb-6074-11dd-9fa8-001bfcb42550|Муфта перех. 11/4"х 1/2"  никелир.|0|шт|88,7|руб.|5|0|22.10.2012 17:12:30|
9c87f450-c23c-11e0-aca8-001e3d8af2c0|MUP|0|0|0|00532cfb-6074-11dd-9fa8-001bfcb42550|Муфта перех. 2"х 11/4"  никелир.|0|шт|180,8|руб.|5|0|22.10.2012 17:12:30|
9c87f452-c23c-11e0-aca8-001e3d8af2c0|MUP|0|0|0|00532cfb-6074-11dd-9fa8-001bfcb42550|Муфта перех. 2"х 11/2"  никелир.|0|шт|176,9|руб.|5|0|22.10.2012 17:12:30|
fddd0c03-c271-11e0-aca8-001e3d8af2c0|UG112|0|0|0|00532cfb-6074-11dd-9fa8-001bfcb42550|Угольник 11/2" ВР никелир.|0|шт|271,2|руб.|5|0|22.10.2012 17:12:30|
fddd0c07-c271-11e0-aca8-001e3d8af2c0|UG12|0|0|0|00532cfb-6074-11dd-9fa8-001bfcb42550|Угольник 1/2" ВР-НР никелир.|0|шт|42,4|руб.|5|0|22.10.2012 17:12:30|
fddd0c09-c271-11e0-aca8-001e3d8af2c0|UG34|0|0|0|00532cfb-6074-11dd-9fa8-001bfcb42550|Угольник 3/4" НР никелир.|0|шт|79,4|руб.|5|0|22.10.2012 17:12:30|
fddd0c0b-c271-11e0-aca8-001e3d8af2c0|UG1|0|0|0|00532cfb-6074-11dd-9fa8-001bfcb42550|Угольник 1" НР никелир.|0|шт|117,4|руб.|5|0|22.10.2012 17:12:30|
fddd0c17-c271-11e0-aca8-001e3d8af2c0|ФУТ5032|0|0|0|00532cfb-6074-11dd-9fa8-001bfcb42550|Футорка перех. 2" НРх 11/4" ВР никелир.|0|шт|151,7|руб.|3|0|22.10.2012 17:12:30|
fddd0c1f-c271-11e0-aca8-001e3d8af2c0|ZA114|0|0|0|00532cfb-6074-11dd-9fa8-001bfcb42550|Заглушка 11/4" НР никелир.|0|шт|69,5|руб.|5|0|22.10.2012 17:12:30|
8f6b151c-c275-11e0-aca8-001e3d8af2c0|КГ25|0|0|0|00532cfb-6074-11dd-9fa8-001bfcb42550|Контргайка 1" никелир.|0|шт|19,3|руб.|10|0|22.10.2012 17:12:30|
8f6b151e-c275-11e0-aca8-001e3d8af2c0|КГ15|0|0|0|00532cfb-6074-11dd-9fa8-001bfcb42550|Контргайка 1/2" никелир.|0|шт|10,2|руб.|10|0|22.10.2012 17:12:30|
8f6b1520-c275-11e0-aca8-001e3d8af2c0|КГ20|0|0|0|00532cfb-6074-11dd-9fa8-001bfcb42550|Контргайка 3/4" никелир.|0|шт|12,7|руб.|10|0|22.10.2012 17:12:30|
8f6b1522-c275-11e0-aca8-001e3d8af2c0|КГ32|0|0|0|00532cfb-6074-11dd-9fa8-001bfcb42550|Контргайка 11/4" никелир.|0|шт|24,6|руб.|5|0|22.10.2012 17:12:30|
0cb623dd-6074-11dd-9fa8-001bfcb42550|СГ40|0|0|0|00532cfb-6074-11dd-9fa8-001bfcb42550|Сгон прямой (американка) никелир. 1 1/2"|0|шт|322,5|руб.|10|0|22.10.2012 17:12:30|
130900fb-6074-11dd-9fa8-001bfcb42550|UG34|0|0|0|00532cfb-6074-11dd-9fa8-001bfcb42550|Угольник 3/4" ВР никелир.|0|шт|62,2|руб.|10|0|22.10.2012 17:12:30|
0cb62580-6074-11dd-9fa8-001bfcb42550|TR12|0|0|0|00532cfb-6074-11dd-9fa8-001bfcb42550|Тройник 1/2" НР  никелир.|0|шт|46,8|руб.|3|0|22.10.2012 17:12:30|
13090182-6074-11dd-9fa8-001bfcb42550|ФУТ2015|0|0|0|00532cfb-6074-11dd-9fa8-001bfcb42550|Футорка перех. 3/4" НРх 1/2" ВР никелир.|0|шт|19,2|руб.|11|0|22.10.2012 17:12:30|
130900d5-6074-11dd-9fa8-001bfcb42550|СГУ32|0|0|0|00532cfb-6074-11dd-9fa8-001bfcb42550|Сгон угловой (американка) никелир. 1 1/4"|0|шт|341,4|руб.|5|0|22.10.2012 17:12:30|
0cb62584-6074-11dd-9fa8-001bfcb42550|TR34|0|0|0|00532cfb-6074-11dd-9fa8-001bfcb42550|Тройник 3/4" НР  никелир.|0|шт|105,8|руб.|6|0|22.10.2012 17:12:30|
0c5f9218-0733-11de-baef-001e3d8af2c0|PR|0|0|0|00532cfb-6074-11dd-9fa8-001bfcb42550|Пробка 11/4" ВР никелир.|0|шт|60,9|руб.|5|0|22.10.2012 17:12:30|
9c9498f6-660f-11de-b1ca-001e3d8af2c0|TR12|0|0|0|00532cfb-6074-11dd-9fa8-001bfcb42550|Тройник 1/2" ВР-НР-ВР никелир.|0|шт|68,8|руб.|10|0|22.10.2012 17:12:30|
63026ded-7cf1-11de-9f7f-001e3d8af2c0|ФУТ3220|0|0|0|00532cfb-6074-11dd-9fa8-001bfcb42550|Футорка перех. 11/4" НРх 3/4" ВР никелир.|0|шт|76,2|руб.|5|0|22.10.2012 17:12:30|
e9ff00f7-1b03-11e1-a1e9-1c6f6571f455|А80 NOV01|0|0|0|0665a8e3-6074-11dd-9fa8-001bfcb42550|Кран шаровый угловой Ду15 Нр-Нр ARCO A-80 с чашей|0|шт|117,3|руб.|31|0|22.10.2012 17:12:30|
13090191-6074-11dd-9fa8-001bfcb42550|ХМ100|0|0|0|0665a995-6074-11dd-9fa8-001bfcb42550|Хомут мет. с рез. и гайкой 4" (110-115) М10|0|шт|24,7|руб.|383|0|22.10.2012 17:12:30|
130901bb-6074-11dd-9fa8-001bfcb42550|ШП8|0|0|0|0665a995-6074-11dd-9fa8-001bfcb42550|Шуруп-шпилька 8х80 сантехнический|0|шт|2,2|руб.|4 573|0|22.10.2012 17:12:30|
130901b8-6074-11dd-9fa8-001bfcb42550|ШП10|0|0|0|0665a995-6074-11dd-9fa8-001bfcb42550|Шуруп-шпилька 10х100 сантехнический|0|шт|4,3|руб.|1 653|0|22.10.2012 17:12:30|
4ed1533d-b8fd-11e1-bd47-1c6f6571f455|ХМ140|0|0|0|0665a995-6074-11dd-9fa8-001bfcb42550|Хомут мет. с рез. и гайкой 5" (132-141) М10|0|шт|62,3|руб.|30|0|22.10.2012 17:12:30|
2f34dc54-05bc-11df-9823-001a80b96ce5|ХМ75|0|0|0|0665a995-6074-11dd-9fa8-001bfcb42550|Хомут мет. с рез. и гайкой 21/2" (74-80) М10|0|шт|21|руб.|514|0|22.10.2012 17:12:30|
7d59e8c3-0885-11de-b276-001e3d8af2c0|ХМ3|0|0|0|0665a995-6074-11dd-9fa8-001bfcb42550|Хомут мет. с рез. и гайкой 3" (87-94) М10|0|шт|26,2|руб.|104|0|22.10.2012 17:12:30|
1dc432e2-564f-11de-8892-cdaf12b3755b|ХМ25|0|0|0|0665a995-6074-11dd-9fa8-001bfcb42550|Хомут мет. с рез. и гайкой 1" (32-35) М8|0|шт|8,8|руб.|531|0|22.10.2012 17:12:30|
1dc432e4-564f-11de-8892-cdaf12b3755b|ХМ50|0|0|0|0665a995-6074-11dd-9fa8-001bfcb42550|Хомут мет. с рез. и гайкой 2" (60-64) М8|0|шт|13,5|руб.|611|0|22.10.2012 17:12:30|
1dc432e6-564f-11de-8892-cdaf12b3755b|ХМ15|0|0|0|0665a995-6074-11dd-9fa8-001bfcb42550|Хомут мет. с рез. и гайкой 1/2" (20-24) М8|0|шт|7,1|руб.|748|0|22.10.2012 17:12:30|
1dc432e8-564f-11de-8892-cdaf12b3755b|ХМ20|0|0|0|0665a995-6074-11dd-9fa8-001bfcb42550|Хомут мет. с рез. и гайкой 3/4" (25-28) М8|0|шт|8,1|руб.|523|0|22.10.2012 17:12:30|
1dc432ea-564f-11de-8892-cdaf12b3755b|ХМ38|0|0|0|0665a995-6074-11dd-9fa8-001bfcb42550|Хомут мет. с рез. и гайкой 3/8" (15-19) М8|0|шт|8,1|руб.|126|0|22.10.2012 17:12:30|
eab6c723-5afe-11de-9b2b-f03e16a24f79|ХМ40|0|0|0|0665a995-6074-11dd-9fa8-001bfcb42550|Хомут мет. с рез. и гайкой 11/2" (48-53) М8|0|шт|10,8|руб.|248|0|22.10.2012 17:12:30|
eab6c725-5afe-11de-9b2b-f03e16a24f79|ХМ32|0|0|0|0665a995-6074-11dd-9fa8-001bfcb42550|Хомут мет. с рез. и гайкой 11/4" (39-46) М8|0|шт|9,9|руб.|233|0|22.10.2012 17:12:30|
e639fae7-5835-11df-aab9-001e3d8af2c0|ХМ54|0|0|0|0665a995-6074-11dd-9fa8-001bfcb42550|Хомут мет. с рез. и гайкой (54-58) М8|0|шт|14|руб.|18|0|22.10.2012 17:12:30|
f7bc19fa-b11a-11e1-ad0f-1c6f6571f455|F6002-B|0|0|0|0cb624d8-6074-11dd-9fa8-001bfcb42550|Смеситель для кухни FRAP с выдвижной лейкой|0|шт|685,5|руб.|2|0|22.10.2012 17:12:30|
13090024-6074-11dd-9fa8-001bfcb42550||0|0|0|13090023-6074-11dd-9fa8-001bfcb42550|Труба металлопластиковая HENCO 16х2|0|м|38,6|руб.|70|0|22.10.2012 17:12:30|
13090026-6074-11dd-9fa8-001bfcb42550||0|0|0|13090023-6074-11dd-9fa8-001bfcb42550|Труба металлопластиковая HENCO 26х3|0|м|103,5|руб.|100|0|22.10.2012 17:12:30|
acfe2cfb-9021-11e1-acc9-001e3d8af2c0||0|0|0|acfe2cfa-9021-11e1-acc9-001e3d8af2c0|Бак расширительный EVAN HIT-24|0|шт|0||1|0|22.10.2012 17:12:30|
acfe2cfc-9021-11e1-acc9-001e3d8af2c0||0|0|0|acfe2cfa-9021-11e1-acc9-001e3d8af2c0|Бак расширительный EVAN WATV-24|0|шт|0||1|0|22.10.2012 17:12:30|
acfe2cfe-9021-11e1-acc9-001e3d8af2c0||0|0|0|acfe2cfd-9021-11e1-acc9-001e3d8af2c0|Водонагреватель косвенного нагрева QUATTRO W-E 60.7|0|шт|0||2|0|22.10.2012 17:12:30|
130901ca-6074-11dd-9fa8-001bfcb42550||0|0|0|6184f8ad-7f91-11e1-adfe-1c6f6571f455|Электрокотел ЭВАН С1 - 9, 220/380В|0|шт|0||1|0|22.10.2012 17:12:30|
6184f8bf-7f91-11e1-adfe-1c6f6571f455||0|0|0|6184f8ba-7f91-11e1-adfe-1c6f6571f455|Электрокотел ЭВАН WARMOS - 9,45, 380В|0|шт|0||1|0|22.10.2012 17:12:30|
6184f8d7-7f91-11e1-adfe-1c6f6571f455||0|0|0|6184f8ba-7f91-11e1-adfe-1c6f6571f455|Электрокотел ЭВАН WARMOS M - 9,45, 380В|0|шт|0||1|0|22.10.2012 17:12:30|
63c484c9-7f99-11e1-adfe-1c6f6571f455||0|0|0|63c484c0-7f99-11e1-adfe-1c6f6571f455|Электрокотел ЭВАН ЭПО - 9,45, 220/380В|0|шт|0||1|0|22.10.2012 17:12:30|
57e987e8-22e5-11e0-aec7-001e3d8af2c0||0|0|0|57e987e7-22e5-11e0-aec7-001e3d8af2c0|Бензин Премиум Евро-95|0|л|0||3 509,1|0|22.10.2012 17:12:30|
18740883-6398-11e1-b5f0-001e3d8af2c0|0010008957|0|0|0|a6f94f2f-40d3-11e1-b10c-001e3d8af2c0|Котел электрический Protherm СКАТ 24 KR 13, 24кВт|0|шт|20 958|руб.|2|0|22.10.2012 17:12:30|
e63d3674-8da9-11e0-91e9-1c6f6571f455|0010008952|0|0|0|a6f94f2f-40d3-11e1-b10c-001e3d8af2c0|Котел электрический Protherm СКАТ 9 KR 13, 9кВт|0|шт|17 913,7|руб.|2|0|22.10.2012 17:12:30|
bd64ef83-584f-11e1-9904-1c6f6571f455||0|0|0|167b6159-ac3d-11e0-b329-001e3d8af2c0|Трубогиб для м/п наруж. ф20|0|шт|190,8|руб.|1|0|22.10.2012 17:12:30|
bd64ef84-584f-11e1-9904-1c6f6571f455||0|0|0|167b6159-ac3d-11e0-b329-001e3d8af2c0|Трубогиб для м/п наруж. ф26|0|шт|323,4|руб.|1|0|22.10.2012 17:12:30|
bd64ef85-584f-11e1-9904-1c6f6571f455||0|0|0|167b6159-ac3d-11e0-b329-001e3d8af2c0|Трубогиб для м/п внутр. ф20|0|шт|142,8|руб.|1|0|22.10.2012 17:12:30|
bd64ef86-584f-11e1-9904-1c6f6571f455||0|0|0|167b6159-ac3d-11e0-b329-001e3d8af2c0|Трубогиб для м/п внутр. ф26|0|шт|204|руб.|1|0|22.10.2012 17:12:30|
7fffa650-ac34-11e0-bbc3-1c6f6571f455|Candan Cm-01|0|0|0|167b6159-ac3d-11e0-b329-001e3d8af2c0|Комплект сварочного оборудования по ПП 1500W Candan (20-40мм)|0|шт|2 412,2|руб.|2|0|22.10.2012 17:12:30|
7fffa656-ac34-11e0-bbc3-1c6f6571f455||0|0|0|167b6159-ac3d-11e0-b329-001e3d8af2c0|Калибратор с ножами для снятия фаски Ду16х20х26|0|шт|59,7|руб.|2|0|22.10.2012 17:12:30|
7fffa65f-ac34-11e0-bbc3-1c6f6571f455|Candan Cm-04|0|0|0|167b6159-ac3d-11e0-b329-001e3d8af2c0|Комплект сварочного оборудования по ПП 2000W Candan (50-75мм)|0|шт|2 910,2|руб.|1|0|22.10.2012 17:12:30|
946ea973-d907-11e0-a35a-1c6f6571f455|361884|0|0|0|167b6159-ac3d-11e0-b329-001e3d8af2c0|Отрезной диск AC-D 230 USP 2,5mm|0|шт|130|руб.|9|0|22.10.2012 17:12:30|
a4bbfd49-fed8-11e0-94ed-1c6f6571f455||0|0|0|167b6159-ac3d-11e0-b329-001e3d8af2c0|Нагревательный элемент ф110 (Турция)|0|шт|815,9|руб.|1|0|22.10.2012 17:12:30|
a4bbfd4b-fed8-11e0-94ed-1c6f6571f455||0|0|0|167b6159-ac3d-11e0-b329-001e3d8af2c0|Нагревательный элемент ф90 (Турция)|0|шт|627|руб.|1|0|22.10.2012 17:12:30|
e9ad6325-214e-11e1-91b8-1c6f6571f455|94228|0|0|0|167b6159-ac3d-11e0-b329-001e3d8af2c0|Ножницы для резки PPR-труб 16-42 FORA (Турция)|0|шт|394,6|руб.|2|0|22.10.2012 17:12:30|
ae655b7c-47e5-11e1-9561-1c6f6571f455||0|0|0|8e1b94ff-6c3c-11e1-b7b6-1c6f6571f455|Унитаз подвесной JIKA LYRA PLUS белый без сидения|0|шт|0||1|0|22.10.2012 17:12:30|
ae655b80-47e5-11e1-9561-1c6f6571f455|93385|0|0|0|8e1b94ff-6c3c-11e1-b7b6-1c6f6571f455|Крышка JIKA LYRA PLUS  белая дюропласт микролифт|0|шт|0||1|0|22.10.2012 17:12:30|
9098c3d8-5cf4-11df-be1f-001e3d8af2c0|206110000001|0|0|0|8e1b94ff-6c3c-11e1-b7b6-1c6f6571f455|Унитаз подвесной JIKA OLYMP белый без сидения|0|шт|2 744,9|руб.|1|0|22.10.2012 17:12:30|
3291e756-8592-11df-85a3-001e3d8af2c0|93284300004|0|0|0|8e1b94ff-6c3c-11e1-b7b6-1c6f6571f455|Крышка JIKA OLYMP белая Slow close|0|шт|2 073,7|руб.|1|0|22.10.2012 17:12:30|
7db711a0-6e52-11e1-bfda-1c6f6571f455|М91|0|0|0|8e1b9501-6c3c-11e1-b7b6-1c6f6571f455|Звукоизоляционная плита М-91|0|шт|91,9|руб.|10|0|22.10.2012 17:12:31|
db310bfe-1984-11e1-91b7-1c6f6571f455|А101-1200|0|0|0|8e1b9501-6c3c-11e1-b7b6-1c6f6571f455|Инсталяция Рамная ALCAPLAST A101-1200 (без кнопки)|0|шт|3 384|руб.|1|0|22.10.2012 17:12:31|
db310c00-1984-11e1-91b7-1c6f6571f455|М71|0|0|0|8e1b9501-6c3c-11e1-b7b6-1c6f6571f455|Клавиша смыва ALCAPLAST M-71|0|шт|0||1|0|22.10.2012 17:12:31|
ae655b82-47e5-11e1-9561-1c6f6571f455|М172|0|0|0|8e1b9501-6c3c-11e1-b7b6-1c6f6571f455|Клавиша смыва ALCAPLAST M-172  хром-матовая|0|шт|716,3|руб.|1|0|22.10.2012 17:12:31|
